{
  "type": "minecraft:overworld",
  "generator": {
    "type": "minecraft:flat",
    "seed": 0,
    "settings": {
      "biome": "minecraft:plains",
      "layers": [
	{
          "block": "minecraft:bedrock",
          "height": 1
        },
        {
          "block": "minecraft:dirt",
          "height": 2
        },
        {
          "block": "minecraft:grass_block",
          "height": 1
        }
      ],
      "structures": {
        "structures": {}
      }
    }
  }
}